unique_ID,step,type,Transacted_amount,Originator_acc_num,Orig_OLD_acc_balance,Orig_NEW_acc_balance,Destination_acc_num,Dest_OLD_acc_balance,Dest_NEW_acc_balance,latitude,longitude,street,country,state,Day_time,day_number,total_hrs_from_first_trans,transaction_type,alerts_generated
82bfc386-61cb-4923-bd1b-ff7d87b2d403,132,CASH_IN,148735.16,C1626200512,15979.0,164714.16,C576696558,0.0,0.0,40.24537,-75.64963,Pottstown,US,New_York,5 days 12:00:00,5,132.00000000000003,5,1
8dffc4c5-f0e8-428f-8cd1-9455d51002ec,332,CASH_IN,224063.49,C51011600,53625.0,277688.49,C775896081,32326.11,0.0,33.08014,-83.2321,Milledgeville,US,New_York,13 days 20:00:00,13,332.0,5,1
17336aba-ddd1-4c84-ae4b-39fe1764b95e,14,PAYMENT,8889.14,C1688626577,0.0,0.0,M777871859,0.0,0.0,30.177459999999996,-81.38758,Palm Valley,US,New_York,0 days 14:00:00,0,14.0,1,1
09c230e1-27b3-46be-b2ef-ab1f261a1956,183,PAYMENT,17213.23,C712133006,0.0,0.0,M1361568741,0.0,0.0,32.44874,-99.73314,Abilene,US,Chicago,7 days 15:00:00,7,183.0,1,1
