unique_id,dest_new_acc_balance,dest_old_acc_balance,latitude,longitude,orig_new_acc_balance,orig_old_acc_balance,total_hrs_from_first_trans,transacted_amount,transaction_type,Fraud_Predictions
09c230e1-27b3-46be-b2ef-ab1f261a1956,0.0,0.0,32.44873809814453,-99.73313903808594,0.0,0.0,183.0,17213.23046875,1,0
8dffc4c5-f0e8-428f-8cd1-9455d51002ec,0.0,32326.109375,33.08013916015625,-83.23210144042969,277688.5,53625.0,332.0,224063.484375,5,0
17336aba-ddd1-4c84-ae4b-39fe1764b95e,0.0,0.0,30.177459716796875,-81.38758087158203,0.0,0.0,14.0,8889.1396484375,1,0
82bfc386-61cb-4923-bd1b-ff7d87b2d403,0.0,0.0,40.24536895751953,-75.64962768554688,164714.15625,15979.0,132.0,148735.15625,5,0
